{"loss_avg": 3.2139903454553513, "loss_list": [3.020334005355835, 2.7928481101989746, 2.6108288764953613, 3.02295184135437, 3.00211501121521, 3.627645492553711, 2.9135048389434814, 3.0702099800109863, 3.149496078491211, 3.543147087097168, 3.341304302215576, 2.764664649963379, 3.4086403846740723, 2.9408135414123535, 4.041531085968018, 2.868738889694214, 3.055379867553711, 3.326190948486328, 3.1558127403259277, 3.266508102416992, 2.7323572635650635, 3.0555763244628906, 3.027357578277588, 3.0245494842529297, 3.189639091491699, 3.230445146560669, 3.312333345413208, 3.2444725036621094, 2.643794536590576, 3.786613941192627, 3.422229290008545, 2.514784336090088, 2.8235814571380615, 3.5167977809906006, 4.056489944458008, 3.549689292907715, 2.9823949337005615, 2.4817891120910645, 3.7946863174438477, 3.7096192836761475, 2.989278793334961, 2.730280876159668, 3.063448429107666, 3.4900736808776855, 3.672714948654175, 3.1433615684509277, 3.1113011837005615, 3.4093382358551025, 3.2432265281677246, 3.5229947566986084, 2.608231782913208, 3.3126108646392822, 3.2406392097473145, 3.3752965927124023, 3.2441110610961914, 2.9404873847961426, 3.643108367919922, 3.989558219909668, 3.9525866508483887, 3.0513992309570312, 3.5397000312805176, 3.4086480140686035, 2.6314826011657715, 3.192601203918457, 2.788271903991699, 3.1455492973327637, 3.5854251384735107, 3.608950614929199, 2.8075084686279297, 3.6669063568115234, 3.8676249980926514, 2.841905355453491, 3.1923725605010986, 2.913630723953247, 3.629254102706909, 3.4509167671203613, 3.078155994415283, 3.1038568019866943, 3.106684684753418, 3.355631113052368, 3.162191390991211, 3.6417295932769775, 2.9895009994506836, 2.755814790725708, 3.431424856185913, 3.0006563663482666, 3.215039014816284, 3.331798553466797, 2.8062925338745117, 3.5883948802948, 3.148698329925537, 3.5571370124816895, 2.625136613845825, 3.931108236312866, 2.703061819076538, 2.9261770248413086, 3.682190418243408, 3.168994426727295, 3.4387125968933105, 2.603487968444824, 2.7847862243652344, 3.6267952919006348, 3.326082229614258, 3.100893974304199, 3.251889228820801]}