{"loss_avg": 3.29679688953218, "loss_list": [3.2906761169433594, 3.186819076538086, 3.272113084793091, 4.282813549041748, 2.9799256324768066, 3.651069164276123, 2.9454379081726074, 3.7100462913513184, 3.3351519107818604, 3.7351460456848145, 3.405791759490967, 3.4671316146850586, 2.757864236831665, 2.7027363777160645, 3.0455875396728516, 3.6731157302856445, 3.317225933074951, 2.633880615234375, 3.6367101669311523, 3.685307025909424, 3.1748600006103516, 3.212082862854004, 3.299241781234741, 2.744107961654663, 3.679781675338745, 3.381861448287964, 3.2853808403015137, 3.572978973388672, 3.657397747039795, 3.2903153896331787, 3.3317365646362305, 2.8424293994903564, 3.7758259773254395, 3.5800819396972656, 3.4003071784973145, 2.961416006088257, 2.9875192642211914, 3.325791358947754, 3.133875608444214, 3.8173439502716064, 2.968194007873535, 2.888707399368286, 3.682035446166992, 3.322323799133301, 3.154376983642578, 2.7173218727111816, 2.6972506046295166, 3.3616347312927246, 3.1631758213043213, 3.385807752609253, 3.6629016399383545, 3.359595775604248, 3.8844516277313232, 3.085932970046997, 3.5262508392333984, 3.253767728805542, 3.1376099586486816, 2.9716830253601074, 3.6551358699798584, 3.6831603050231934, 3.055285930633545, 3.264751434326172, 2.7033650875091553, 3.1431407928466797, 3.4448399543762207, 2.7333555221557617, 3.0252578258514404, 2.831174373626709, 3.5085840225219727, 3.4119324684143066, 3.5772647857666016, 2.9837331771850586, 3.050013303756714, 4.115835189819336, 3.294307231903076, 3.310015916824341, 3.644404649734497, 3.058793067932129, 3.339785575866699, 3.4100136756896973, 3.0096564292907715, 2.505629062652588, 3.7655129432678223, 3.110339641571045, 3.401606559753418, 2.89428448677063, 3.446934700012207, 3.4886984825134277, 3.2829976081848145, 2.8958911895751953, 3.577550172805786, 3.010288953781128, 3.1980926990509033, 3.6948695182800293, 3.4800009727478027, 3.955780029296875, 2.871032238006592, 3.8235795497894287, 3.1061317920684814, 3.031020164489746, 3.6093764305114746, 3.4544548988342285, 3.389963150024414, 2.794768810272217, 3.7291550636291504]}