{"loss_avg": 3.27986714272272, "loss_list": [3.8140406608581543, 3.6140644550323486, 2.937110185623169, 3.402475357055664, 2.811150312423706, 3.8598623275756836, 3.398277997970581, 3.4593746662139893, 2.7304959297180176, 2.9402341842651367, 3.241034984588623, 3.4874610900878906, 3.324770450592041, 3.1940488815307617, 3.1722216606140137, 2.6241800785064697, 2.9577696323394775, 3.5674753189086914, 3.287405490875244, 3.7106142044067383, 2.7168641090393066, 3.046450138092041, 3.3085975646972656, 3.285327672958374, 3.4201207160949707, 3.2419519424438477, 3.332812547683716, 3.3488245010375977, 3.56154203414917, 3.069282054901123, 3.688971996307373, 3.254049777984619, 2.9546971321105957, 2.752924919128418, 2.308274269104004, 3.2389421463012695, 3.0145986080169678, 3.599748134613037, 3.5597667694091797, 3.612764358520508, 3.847242832183838, 3.021052122116089, 3.100998640060425, 2.9372267723083496, 3.460376262664795, 3.8817262649536133, 3.3717708587646484, 3.543534755706787, 3.9302964210510254, 2.9105944633483887, 3.821506977081299, 2.571864128112793, 4.197019100189209, 2.8432936668395996, 2.9568228721618652, 3.8043296337127686, 3.31251859664917, 3.411480188369751, 3.2849419116973877, 3.6642909049987793, 2.6872549057006836, 4.110197067260742, 3.120368242263794, 3.055379629135132, 3.4519217014312744, 3.4573402404785156, 3.1026058197021484, 2.9258952140808105, 3.16355037689209, 3.510701894760132, 3.619109869003296, 2.5192296504974365, 3.364168167114258, 3.3650035858154297, 3.8319907188415527, 3.5267367362976074, 4.123743534088135, 3.4927620887756348, 2.687868595123291, 3.2932541370391846, 3.265871047973633, 3.1680679321289062, 3.357874870300293, 3.6140432357788086, 3.3795418739318848, 3.492112159729004, 3.130594491958618, 2.8956732749938965, 2.886526107788086, 3.128047466278076, 3.1881322860717773, 3.421257495880127, 3.208052158355713, 3.223295211791992, 3.077733039855957, 3.4950647354125977, 3.4718596935272217, 3.1253232955932617, 2.6714086532592773, 2.9658098220825195, 2.6981329917907715, 3.465876340866089, 3.265336513519287, 3.412355899810791, 3.2455105781555176]}