{"loss_avg": 3.217213716961089, "loss_list": [3.8148531913757324, 3.157682180404663, 3.403170108795166, 3.977766513824463, 3.1852059364318848, 3.052661180496216, 3.2325563430786133, 2.9101476669311523, 3.1959471702575684, 3.2380032539367676, 3.1520519256591797, 3.565025806427002, 2.247622013092041, 3.2634267807006836, 3.240079879760742, 2.8804848194122314, 3.0933265686035156, 3.552325487136841, 3.4121813774108887, 2.9244303703308105, 3.953091621398926, 2.839134454727173, 3.3779215812683105, 3.149613380432129, 3.6450624465942383, 2.9280447959899902, 2.970839500427246, 3.267957925796509, 3.6199140548706055, 3.708757162094116, 3.224911689758301, 3.0032880306243896, 3.6447486877441406, 2.801271438598633, 3.2019705772399902, 2.664731025695801, 3.3094234466552734, 3.5329771041870117, 3.445538282394409, 3.08266544342041, 3.9928359985351562, 3.0864009857177734, 3.1693356037139893, 3.1998226642608643, 3.0049448013305664, 3.8299224376678467, 4.0511627197265625, 3.578640937805176, 2.8395071029663086, 2.4321322441101074, 3.4643149375915527, 2.926177501678467, 3.7170941829681396, 3.6815850734710693, 2.765188217163086, 3.3503518104553223, 2.704972505569458, 3.6396827697753906, 3.1788864135742188, 3.1703474521636963, 2.696641445159912, 3.418625593185425, 3.270679473876953, 3.2704761028289795, 2.606095790863037, 2.7466232776641846, 2.716737747192383, 2.897428512573242, 2.704732656478882, 3.84608793258667, 3.375643730163574, 3.6396756172180176, 2.815427780151367, 2.7679004669189453, 2.9470291137695312, 3.012568473815918, 2.9603991508483887, 3.2141804695129395, 3.41823148727417, 2.8395442962646484, 3.16599178314209, 2.9754929542541504, 2.893524169921875, 2.8673107624053955, 2.844130277633667, 3.2841429710388184, 2.89648175239563, 3.557096004486084, 3.082688331604004, 3.435499668121338, 3.7939882278442383, 3.074131488800049, 3.080717086791992, 3.020216941833496, 3.1242430210113525, 2.990241050720215, 3.0771050453186035, 3.3703575134277344, 3.228991985321045, 3.1784896850585938, 3.6618711948394775, 3.5119481086730957, 3.079484224319458, 4.041912078857422, 3.752537250518799]}