{"args": {"checkpoint": "", "device": "cuda:0", "seed": 42, "world_size": 1, "dist_url": "env://", "distributed": false, "poisoned": false, "finetune_dataset": "myLaion", "batch_size": 1024, "lr": 1e-05, "max_epoch": 105, "clip_model": "RN50", "freeze_encoder": "None", "from_scratch": false, "overload_config": false, "output_dir": "./outputNew/unlearn_stage3_test_clip_finetune_adapter/from_pretrain/natural/myLaion_RN50", "noise_path": "./output/unlearn_stage2_generate_noise/RN50/noise_gen2_46221-224-224_all_RN50.pt", "test_train_type": "finetune_clip"}, "experiment_result": [{"MNIST": {"linear-probe": 70.06, "zero-shot": {"top1": 18.12, "top5": 78.3}}, "CIFAR10": {"linear-probe": 67.97, "zero-shot": {"top1": 71.54, "top5": 98.11999999999999}}, "CIFAR100": {"linear-probe": 32.45, "zero-shot": {"top1": 40.32, "top5": 72.41}}, "STL10": {"linear-probe": 95.825, "zero-shot": {"top1": 94.525, "top5": 99.875}}, "GTSRB": {"linear-probe": 49.00237529691211, "zero-shot": {"top1": -1, "top5": -1}}, "SVHN": {"linear-probe": 41.36831591886909, "zero-shot": {"top1": -1, "top5": -1}}, "DTD": {"linear-probe": 53.93617021276596, "zero-shot": {"top1": 40.37234042553192, "top5": 70.53191489361701}}, "FGVC": {"linear-probe": 22.53225322532253, "zero-shot": {"top1": 15.901590159015901, "top5": 42.84428442844285}}, "Pets": {"linear-probe": 67.81139275006814, "zero-shot": {"top1": 79.69473971109295, "top5": 97.35622785500136}}, "epoch": 0}], "loss": {"0": {"lr": 1.0000000000000013e-05, "total_loss": 5.978522093399711}, "1": {"lr": 2.4889122713851376e-06, "total_loss": 5.9590970018635625}, "2": {"lr": 1.8594235253127358e-06, "total_loss": 5.965877989064092}, "3": {"lr": 1.3890454406082961e-06, "total_loss": 5.957113297089286}, "4": {"lr": 1.0983357966978753e-06, "total_loss": 5.956153869628906}, "5": {"lr": 9.999999999999993e-07, "total_loss": 5.946864739708278}, "6": {"lr": 1.0983357966978753e-06, "total_loss": 5.9429261684417725}, "7": {"lr": 1.3890454406082963e-06, "total_loss": 5.938139376432999}, "8": {"lr": 1.8594235253127352e-06, "total_loss": 5.933083243992018}, "9": {"lr": 2.4889122713851367e-06, "total_loss": 5.933065227840258}, "10": {"lr": 3.2499999999999977e-06, "total_loss": 5.930804439212965}, "11": {"lr": 4.109423525312739e-06, "total_loss": 5.917145190031632}, "12": {"lr": 5.029621915295556e-06, "total_loss": 5.89873889218206}, "13": {"lr": 5.9703780847044385e-06, "total_loss": 5.8747347593307495}, "14": {"lr": 6.890576474687262e-06, "total_loss": 5.860571695410687}, "15": {"lr": 7.75e-06, "total_loss": 5.844133916108505}, "16": {"lr": 8.51108772861486e-06, "total_loss": 5.794881805129673}, "17": {"lr": 9.140576474687256e-06, "total_loss": 5.764851611593495}, "18": {"lr": 9.610954559391708e-06, "total_loss": 5.732760833657307}, "19": {"lr": 9.90166420330214e-06, "total_loss": 5.679453694302103}, "20": {"lr": 1.0000000000000013e-05, "total_loss": 5.620629300241885}, "21": {"lr": 9.90166420330214e-06, "total_loss": 5.572319823762645}, "22": {"lr": 9.610954559391716e-06, "total_loss": 5.510511958080789}, "23": {"lr": 9.140576474687256e-06, "total_loss": 5.464259375696597}, "24": {"lr": 8.51108772861486e-06, "total_loss": 5.401185678399128}, "25": {"lr": 7.75e-06, "total_loss": 5.362510867740797}, "26": {"lr": 6.890576474687272e-06, "total_loss": 5.309218878331392}, "27": {"lr": 5.97037808470444e-06, "total_loss": 5.275489345840786}, "28": {"lr": 5.029621915295559e-06, "total_loss": 5.250905016194219}, "29": {"lr": 4.109423525312739e-06, "total_loss": 5.219032852546029}, "30": {"lr": 3.2500000000000006e-06, "total_loss": 5.194201231002808}, "31": {"lr": 2.48891227138514e-06, "total_loss": 5.1881023749061255}, "32": {"lr": 1.859423525312736e-06, "total_loss": 5.169593624446703}, "33": {"lr": 1.3890454406082976e-06, "total_loss": 5.1591643768808115}, "34": {"lr": 1.0983357966978768e-06, "total_loss": 5.159177184104919}, "35": {"lr": 9.999999999999993e-07, "total_loss": 5.151023662608603}, "36": {"lr": 1.0983357966978725e-06, "total_loss": 5.150275308152904}, "37": {"lr": 1.3890454406082963e-06, "total_loss": 5.136436700820923}, "38": {"lr": 1.859423525312735e-06, "total_loss": 5.133732349976249}, "39": {"lr": 2.4889122713851363e-06, "total_loss": 5.118236562480098}, "40": {"lr": 3.249999999999999e-06, "total_loss": 5.1026836478191875}, "41": {"lr": 4.109423525312737e-06, "total_loss": 5.092712246853372}, "42": {"lr": 5.029621915295559e-06, "total_loss": 5.069884434990261}, "43": {"lr": 5.97037808470444e-06, "total_loss": 5.041494892991108}, "44": {"lr": 6.890576474687262e-06, "total_loss": 5.014590869779172}, "45": {"lr": 7.75e-06, "total_loss": 4.983155613360197}, "46": {"lr": 8.51108772861486e-06, "total_loss": 4.952571837798409}, "47": {"lr": 9.140576474687255e-06, "total_loss": 4.906823329303576}, "48": {"lr": 9.610954559391716e-06, "total_loss": 4.876688630684562}, "49": {"lr": 9.90166420330214e-06, "total_loss": 4.845760335092959}}}