{"args": {"checkpoint": "", "device": "cuda:1", "seed": 42, "world_size": 1, "dist_url": "env://", "distributed": false, "poisoned": true, "finetune_dataset": "myLaion", "batch_size": 1024, "lr": 1e-05, "max_epoch": 105, "clip_model": "RN50", "freeze_encoder": "None", "from_scratch": false, "overload_config": false, "output_dir": "./outputNew/unlearn_stage3_test_clip_finetune_adapter/from_pretrain/poisoned/noise_of_myLaion_RN50/myLaion_RN50", "noise_path": "./output/unlearn_stage2_generate_noise/RN50/noise_gen2_46221-224-224_all_RN50.pt", "test_train_type": "finetune_clip"}, "experiment_result": [{"MNIST": {"linear-probe": 70.15, "zero-shot": {"top1": 18.11, "top5": 78.28}}, "CIFAR10": {"linear-probe": 68.01, "zero-shot": {"top1": 71.49, "top5": 98.11}}, "CIFAR100": {"linear-probe": 32.47, "zero-shot": {"top1": 40.31, "top5": 72.45}}, "STL10": {"linear-probe": 95.825, "zero-shot": {"top1": 94.525, "top5": 99.875}}, "GTSRB": {"linear-probe": 49.01029295328583, "zero-shot": {"top1": -1, "top5": -1}}, "SVHN": {"linear-probe": 41.33374308543331, "zero-shot": {"top1": -1, "top5": -1}}, "DTD": {"linear-probe": 53.98936170212766, "zero-shot": {"top1": 40.37234042553192, "top5": 70.47872340425532}}, "FGVC": {"linear-probe": 22.592259225922593, "zero-shot": {"top1": 15.931593159315932, "top5": 42.874287428742875}}, "Pets": {"linear-probe": 67.92041428182067, "zero-shot": {"top1": 79.72199509403107, "top5": 97.35622785500136}}, "epoch": 0}], "loss": {"0": {"lr": 1.0000000000000013e-05, "total_loss": 6.037883038106172}, "1": {"lr": 2.4889122713851376e-06, "total_loss": 6.026015934736832}, "2": {"lr": 1.8594235253127358e-06, "total_loss": 6.018563819968182}, "3": {"lr": 1.3890454406082961e-06, "total_loss": 6.0240675884744395}, "4": {"lr": 1.0983357966978753e-06, "total_loss": 6.013100499692171}, "5": {"lr": 9.999999999999993e-07, "total_loss": 6.003113155779631}, "6": {"lr": 1.0983357966978753e-06, "total_loss": 6.005213374676912}, "7": {"lr": 1.3890454406082963e-06, "total_loss": 5.996829385342806}, "8": {"lr": 1.8594235253127352e-06, "total_loss": 5.99043651767399}, "9": {"lr": 2.4889122713851367e-06, "total_loss": 5.993136146794194}, "10": {"lr": 3.2499999999999977e-06, "total_loss": 5.993237609448641}, "11": {"lr": 4.109423525312739e-06, "total_loss": 5.975538533666859}, "12": {"lr": 5.029621915295556e-06, "total_loss": 5.9559249566948935}, "13": {"lr": 5.9703780847044385e-06, "total_loss": 5.927540929421134}, "14": {"lr": 6.890576474687262e-06, "total_loss": 5.909558700478596}, "15": {"lr": 7.75e-06, "total_loss": 5.892776230107183}, "16": {"lr": 8.51108772861486e-06, "total_loss": 5.838412248569986}, "17": {"lr": 9.140576474687256e-06, "total_loss": 5.805757128674051}, "18": {"lr": 9.610954559391708e-06, "total_loss": 5.7704390650210176}, "19": {"lr": 9.90166420330214e-06, "total_loss": 5.719340837520102}, "20": {"lr": 1.0000000000000013e-05, "total_loss": 5.659112526022869}, "21": {"lr": 9.90166420330214e-06, "total_loss": 5.605093344398167}, "22": {"lr": 9.610954559391716e-06, "total_loss": 5.551942887513534}, "23": {"lr": 9.140576474687256e-06, "total_loss": 5.499884252962858}, "24": {"lr": 8.51108772861486e-06, "total_loss": 5.438889088837997}, "25": {"lr": 7.75e-06, "total_loss": 5.407830590787142}, "26": {"lr": 6.890576474687272e-06, "total_loss": 5.351187591967375}, "27": {"lr": 5.97037808470444e-06, "total_loss": 5.3231699259384815}, "28": {"lr": 5.029621915295559e-06, "total_loss": 5.284905412922734}, "29": {"lr": 4.109423525312739e-06, "total_loss": 5.265080244644828}, "30": {"lr": 3.2500000000000006e-06, "total_loss": 5.236237261606299}, "31": {"lr": 2.48891227138514e-06, "total_loss": 5.223548951356308}, "32": {"lr": 1.859423525312736e-06, "total_loss": 5.2108712403670605}, "33": {"lr": 1.3890454406082976e-06, "total_loss": 5.196210456931072}, "34": {"lr": 1.0983357966978768e-06, "total_loss": 5.200388296790745}, "35": {"lr": 9.999999999999993e-07, "total_loss": 5.1910748378090235}, "36": {"lr": 1.0983357966978725e-06, "total_loss": 5.189370652903682}, "37": {"lr": 1.3890454406082963e-06, "total_loss": 5.181054561034493}, "38": {"lr": 1.859423525312735e-06, "total_loss": 5.173509483752043}, "39": {"lr": 2.4889122713851363e-06, "total_loss": 5.1559190076330434}, "40": {"lr": 3.249999999999999e-06, "total_loss": 5.146584417508996}, "41": {"lr": 4.109423525312737e-06, "total_loss": 5.127598513727603}, "42": {"lr": 5.029621915295559e-06, "total_loss": 5.108959939168847}, "43": {"lr": 5.97037808470444e-06, "total_loss": 5.079601826875106}, "44": {"lr": 6.890576474687262e-06, "total_loss": 5.04598391574362}, "45": {"lr": 7.75e-06, "total_loss": 5.01262596897457}, "46": {"lr": 8.51108772861486e-06, "total_loss": 4.978381514549255}, "47": {"lr": 9.140576474687255e-06, "total_loss": 4.929585695266724}, "48": {"lr": 9.610954559391716e-06, "total_loss": 4.896660887676736}, "49": {"lr": 9.90166420330214e-06, "total_loss": 4.858152099277662}}}