{"args": {"checkpoint": "", "device": "cuda:2", "seed": 42, "world_size": 1, "dist_url": "env://", "distributed": false, "poisoned": false, "finetune_dataset": "myLaion", "batch_size": 1024, "lr": 1e-05, "max_epoch": 105, "clip_model": "ViT-B/16", "freeze_encoder": "None", "from_scratch": false, "overload_config": false, "output_dir": "./outputNew/unlearn_stage3_test_clip_finetune_adapter/from_pretrain/natural/myLaion_ViT-B_16", "noise_path": "./output/unlearn_stage2_generate_noise/RN50/noise_gen2_46221-224-224_all_RN50.pt", "test_train_type": "finetune_clip"}, "experiment_result": [{"MNIST": {"linear-probe": 64.96, "zero-shot": {"top1": 39.86, "top5": 90.63}}, "CIFAR10": {"linear-probe": 92.42, "zero-shot": {"top1": 90.85, "top5": 99.44}}, "CIFAR100": {"linear-probe": 74.06, "zero-shot": {"top1": 66.9, "top5": 89.25}}, "STL10": {"linear-probe": 99.125, "zero-shot": {"top1": 98.1125, "top5": 100.0}}, "GTSRB": {"linear-probe": 72.85827395091053, "zero-shot": {"top1": -1, "top5": -1}}, "SVHN": {"linear-probe": 54.97464658881377, "zero-shot": {"top1": -1, "top5": -1}}, "DTD": {"linear-probe": 72.7127659574468, "zero-shot": {"top1": 44.46808510638298, "top5": 73.03191489361703}}, "FGVC": {"linear-probe": 42.81428142814281, "zero-shot": {"top1": 23.01230123012301, "top5": 58.02580258025802}}, "Pets": {"linear-probe": 88.63450531479967, "zero-shot": {"top1": 86.07249931861543, "top5": 97.32897247206324}}, "epoch": 0}], "loss": {"0": {"lr": 1.0000000000000013e-05, "total_loss": 4.463046115377675}, "1": {"lr": 2.4889122713851376e-06, "total_loss": 4.452101961426113}, "2": {"lr": 1.8594235253127358e-06, "total_loss": 4.431669276693593}, "3": {"lr": 1.3890454406082961e-06, "total_loss": 4.432870102965313}, "4": {"lr": 1.0983357966978753e-06, "total_loss": 4.438726839811905}, "5": {"lr": 9.999999999999993e-07, "total_loss": 4.41591605414515}, "6": {"lr": 1.0983357966978753e-06, "total_loss": 4.4354133450466655}, "7": {"lr": 1.3890454406082963e-06, "total_loss": 4.413053440011066}, "8": {"lr": 1.8594235253127352e-06, "total_loss": 4.412839443787284}, "9": {"lr": 2.4889122713851367e-06, "total_loss": 4.410832659057949}, "10": {"lr": 3.2499999999999977e-06, "total_loss": 4.410119709761246}, "11": {"lr": 4.109423525312739e-06, "total_loss": 4.400363543759221}, "12": {"lr": 5.029621915295556e-06, "total_loss": 4.3806650172109185}, "13": {"lr": 5.9703780847044385e-06, "total_loss": 4.356556177139282}, "14": {"lr": 6.890576474687262e-06, "total_loss": 4.331208985784779}, "15": {"lr": 7.75e-06, "total_loss": 4.3081283258355185}, "16": {"lr": 8.51108772861486e-06, "total_loss": 4.290487211683522}, "17": {"lr": 9.140576474687256e-06, "total_loss": 4.26181375462076}, "18": {"lr": 9.610954559391708e-06, "total_loss": 4.22514587899913}, "19": {"lr": 9.90166420330214e-06, "total_loss": 4.20134351046189}, "20": {"lr": 1.0000000000000013e-05, "total_loss": 4.15741287107053}, "21": {"lr": 9.90166420330214e-06, "total_loss": 4.122307399044866}, "22": {"lr": 9.610954559391716e-06, "total_loss": 4.091896362926649}, "23": {"lr": 9.140576474687256e-06, "total_loss": 4.052246980045153}, "24": {"lr": 8.51108772861486e-06, "total_loss": 4.0421477504398515}, "25": {"lr": 7.75e-06, "total_loss": 4.007268781247347}, "26": {"lr": 6.890576474687272e-06, "total_loss": 3.9871098684227984}, "27": {"lr": 5.97037808470444e-06, "total_loss": 3.9659336338872495}, "28": {"lr": 5.029621915295559e-06, "total_loss": 3.955864102944084}, "29": {"lr": 4.109423525312739e-06, "total_loss": 3.942078787347545}, "30": {"lr": 3.2500000000000006e-06, "total_loss": 3.938241455865943}, "31": {"lr": 2.48891227138514e-06, "total_loss": 3.9265314288761304}, "32": {"lr": 1.859423525312736e-06, "total_loss": 3.9224323967228765}, "33": {"lr": 1.3890454406082976e-06, "total_loss": 3.925606043442436}, "34": {"lr": 1.0983357966978768e-06, "total_loss": 3.9204889639564184}, "35": {"lr": 9.999999999999993e-07, "total_loss": 3.9116205236186152}, "36": {"lr": 1.0983357966978725e-06, "total_loss": 3.917625929998315}, "37": {"lr": 1.3890454406082963e-06, "total_loss": 3.9235613553420357}, "38": {"lr": 1.859423525312735e-06, "total_loss": 3.906603776890299}, "39": {"lr": 2.4889122713851363e-06, "total_loss": 3.909801426141158}, "40": {"lr": 3.249999999999999e-06, "total_loss": 3.898210162701814}, "41": {"lr": 4.109423525312737e-06, "total_loss": 3.894497653712397}, "42": {"lr": 5.029621915295559e-06, "total_loss": 3.8872677606085073}, "43": {"lr": 5.97037808470444e-06, "total_loss": 3.8755584903385327}, "44": {"lr": 6.890576474687262e-06, "total_loss": 3.8692608864411064}, "45": {"lr": 7.75e-06, "total_loss": 3.84413153451422}, "46": {"lr": 8.51108772861486e-06, "total_loss": 3.8377135940220044}, "47": {"lr": 9.140576474687255e-06, "total_loss": 3.831990920979044}, "48": {"lr": 9.610954559391716e-06, "total_loss": 3.820643564929133}, "49": {"lr": 9.90166420330214e-06, "total_loss": 3.805942545766416}}}