{"args": {"checkpoint": "", "device": "cuda:3", "seed": 42, "world_size": 1, "dist_url": "env://", "distributed": false, "poisoned": true, "finetune_dataset": "myLaion", "batch_size": 1024, "lr": 1e-05, "max_epoch": 105, "clip_model": "ViT-B/16", "freeze_encoder": "None", "from_scratch": false, "overload_config": false, "output_dir": "./outputNew/unlearn_stage3_test_clip_finetune_adapter/from_pretrain/poisoned/noise_of_myLaion_classWise/myLaion_ViT-B_16", "noise_path": "./output/unlearn_stage2_generate_noise/ViT-B_16/all/classWise/noise_gen2_46221-224-224_all_ViT-B-16.pt", "test_train_type": "finetune_clip"}, "experiment_result": [{"MNIST": {"linear-probe": 65.21000000000001, "zero-shot": {"top1": 39.86, "top5": 90.63}}, "CIFAR10": {"linear-probe": 92.38, "zero-shot": {"top1": 90.85, "top5": 99.44}}, "CIFAR100": {"linear-probe": 74.03999999999999, "zero-shot": {"top1": 66.9, "top5": 89.25}}, "STL10": {"linear-probe": 99.125, "zero-shot": {"top1": 98.1125, "top5": 100.0}}, "GTSRB": {"linear-probe": 72.87410926365796, "zero-shot": {"top1": -1, "top5": -1}}, "SVHN": {"linear-probe": 54.98617086662569, "zero-shot": {"top1": -1, "top5": -1}}, "DTD": {"linear-probe": 72.7127659574468, "zero-shot": {"top1": 44.46808510638298, "top5": 73.03191489361703}}, "FGVC": {"linear-probe": 42.84428442844285, "zero-shot": {"top1": 23.01230123012301, "top5": 58.02580258025802}}, "Pets": {"linear-probe": 88.63450531479967, "zero-shot": {"top1": 86.07249931861543, "top5": 97.32897247206324}}, "epoch": 0}], "loss": {"0": {"lr": 1.0000000000000013e-05, "total_loss": 1.9432653396025947}, "1": {"lr": 2.4889122713851376e-06, "total_loss": 1.9343449330848197}, "2": {"lr": 1.8594235253127358e-06, "total_loss": 1.930552495562512}, "3": {"lr": 1.3890454406082961e-06, "total_loss": 1.932752277540124}, "4": {"lr": 1.0983357966978753e-06, "total_loss": 1.9331619247146274}, "5": {"lr": 9.999999999999993e-07, "total_loss": 1.930784619372824}, "6": {"lr": 1.0983357966978753e-06, "total_loss": 1.9314751521400784}, "7": {"lr": 1.3890454406082963e-06, "total_loss": 1.9228927933651467}, "8": {"lr": 1.8594235253127352e-06, "total_loss": 1.9267527772032695}, "9": {"lr": 2.4889122713851367e-06, "total_loss": 1.9261358613553254}, "10": {"lr": 3.2499999999999977e-06, "total_loss": 1.926485053870989}, "11": {"lr": 4.109423525312739e-06, "total_loss": 1.9223513046036595}, "12": {"lr": 5.029621915295556e-06, "total_loss": 1.9173346135927283}, "13": {"lr": 5.9703780847044385e-06, "total_loss": 1.908715027829875}, "14": {"lr": 6.890576474687262e-06, "total_loss": 1.8979206292525581}, "15": {"lr": 7.75e-06, "total_loss": 1.8911640436752983}, "16": {"lr": 8.51108772861486e-06, "total_loss": 1.8812430513941722}, "17": {"lr": 9.140576474687256e-06, "total_loss": 1.870496164197507}, "18": {"lr": 9.610954559391708e-06, "total_loss": 1.8595984318982}, "19": {"lr": 9.90166420330214e-06, "total_loss": 1.8526533012804778}, "20": {"lr": 1.0000000000000013e-05, "total_loss": 1.8414651725603186}, "21": {"lr": 9.90166420330214e-06, "total_loss": 1.8281209753907246}, "22": {"lr": 9.610954559391716e-06, "total_loss": 1.81742994033772}, "23": {"lr": 9.140576474687256e-06, "total_loss": 1.8005836657855823}, "24": {"lr": 8.51108772861486e-06, "total_loss": 1.798112091810807}, "25": {"lr": 7.75e-06, "total_loss": 1.7851283057876255}, "26": {"lr": 6.890576474687272e-06, "total_loss": 1.7804133205310158}, "27": {"lr": 5.97037808470444e-06, "total_loss": 1.7677283455496249}, "28": {"lr": 5.029621915295559e-06, "total_loss": 1.7648234471030857}, "29": {"lr": 4.109423525312739e-06, "total_loss": 1.7566966803177544}, "30": {"lr": 3.2500000000000006e-06, "total_loss": 1.751442639724068}, "31": {"lr": 2.48891227138514e-06, "total_loss": 1.7568198831185051}, "32": {"lr": 1.859423525312736e-06, "total_loss": 1.7453684962314109}, "33": {"lr": 1.3890454406082976e-06, "total_loss": 1.747074518514716}, "34": {"lr": 1.0983357966978768e-06, "total_loss": 1.7470178876234137}, "35": {"lr": 9.999999999999993e-07, "total_loss": 1.7411888552748638}, "36": {"lr": 1.0983357966978725e-06, "total_loss": 1.7409726161023844}, "37": {"lr": 1.3890454406082963e-06, "total_loss": 1.7411061499429785}, "38": {"lr": 1.859423525312735e-06, "total_loss": 1.735650510891624}, "39": {"lr": 2.4889122713851363e-06, "total_loss": 1.7341279517049375}, "40": {"lr": 3.249999999999999e-06, "total_loss": 1.7389466425646907}, "41": {"lr": 4.109423525312737e-06, "total_loss": 1.729146597178086}, "42": {"lr": 5.029621915295559e-06, "total_loss": 1.7238076614296955}, "43": {"lr": 5.97037808470444e-06, "total_loss": 1.7168975744558417}, "44": {"lr": 6.890576474687262e-06, "total_loss": 1.7131666256033855}, "45": {"lr": 7.75e-06, "total_loss": 1.6999761345593825}, "46": {"lr": 8.51108772861486e-06, "total_loss": 1.6932550383650737}}}